model,throughput (bf16),max_mem (bf16),hellaswag_acc (bf16),lambada_openai_acc (bf16),piqa_acc (bf16),winogrande_acc (bf16),throughput (fp8),max_mem (fp8),hellaswag_acc (fp8),lambada_openai_acc (fp8),piqa_acc (fp8),winogrande_acc (fp8)
gpt2,10484.629971393964,0.81,0.28868751244771956,0.3101106151756258,0.6294885745375408,0.5059194948697711,11297.173085669778,0.76,0.28958374825731925,0.3244711818358238,0.6256800870511425,0.5011838989739542
bloom-7b,876.477254902422,94.08,0.4638518223461462,0.5732582961381719,0.7241566920565833,0.6393054459352802,1074.3447305504933,93.46,0.4560844453296156,0.5990685037842034,0.7274211099020674,0.6187845303867403
codegen-6b,847.0741714631665,21.05,0.2629954192391954,0.03202018241800893,0.5674646354733406,0.4877663772691397,937.7661879008933,14.67,0.26180043815972914,0.032214244129633224,0.5478781284004353,0.4846093133385951
gpt-j-6b,1873.6336493733058,14.39,0.4958175662218682,0.6780516204152921,0.7540805223068553,0.6424625098658248,None,None,0.49352718581955785,0.6772753735687949,0.7551686615886833,0.6377269139700079
mistral-7b,None,None,,,,,None,None,,,,
mixtral-46b,None,None,,,,,None,None,,,,
stableLM-6b,4258.44040208556,4.95,0.5174268074088827,0.6557345235784979,0.764417845484222,0.6337805840568271,5034.770573206278,3.52,0.4907388966341366,0.6648554240248399,0.7448313384113167,0.6037884767166535
starcoder-16b,None,None,,,,,None,None,,,,
